ProfessorId,Name,Email,Rank,CourseId
P1,TestPtof,prof0@gmail.com,data200,10
P2,TestPtof,prof1@gmail.com,data201,11
P3,TestPtof,prof2@gmail.com,data202,12
P4,TestPtof,prof3@gmail.com,data203,13
P5,TestPtof,prof4@gmail.com,data204,14
P6,TestPtof,prof5@gmail.com,data205,15
P7,TestPtof,prof6@gmail.com,data206,16
P8,TestPtof,prof7@gmail.com,data207,17
P9,TestPtof,prof8@gmail.com,data208,18
P10,TestPtof,prof9@gmail.com,data209,19
P11,TestPtof,prof10@gmail.com,data2010,110
P12,TestPtof,prof11@gmail.com,data2011,111
P13,TestPtof,prof12@gmail.com,data2012,112
P14,TestPtof,prof13@gmail.com,data2013,113
P15,TestPtof,prof14@gmail.com,data2014,114
P16,TestPtof,prof15@gmail.com,data2015,115
P17,TestPtof,prof16@gmail.com,data2016,116
P18,TestPtof,prof17@gmail.com,data2017,117
P19,TestPtof,prof18@gmail.com,data2018,118
P20,TestPtof,prof19@gmail.com,data2019,119
P21,TestPtof,prof20@gmail.com,data2020,120
P22,TestPtof,prof21@gmail.com,data2021,121
P23,TestPtof,prof22@gmail.com,data2022,122
P25,TestPtof,prof24@gmail.com,data2024,124
P26,TestPtof,prof25@gmail.com,data2025,125
P27,TestPtof,prof26@gmail.com,data2026,126
P28,TestPtof,prof27@gmail.com,data2027,127
P29,TestPtof,prof28@gmail.com,data2028,128
P30,TestPtof,prof29@gmail.com,data2029,129
P31,TestPtof,prof30@gmail.com,data2030,130
P32,TestPtof,prof31@gmail.com,data2031,131
P33,TestPtof,prof32@gmail.com,data2032,132
P34,TestPtof,prof33@gmail.com,data2033,133
P35,TestPtof,prof34@gmail.com,data2034,134
P36,TestPtof,prof35@gmail.com,data2035,135
P37,TestPtof,prof36@gmail.com,data2036,136
P38,TestPtof,prof37@gmail.com,data2037,137
P39,TestPtof,prof38@gmail.com,data2038,138
P40,TestPtof,prof39@gmail.com,data2039,139
P41,TestPtof,prof40@gmail.com,data2040,140
P42,TestPtof,prof41@gmail.com,data2041,141
P43,TestPtof,prof42@gmail.com,data2042,142
P44,TestPtof,prof43@gmail.com,data2043,143
P45,TestPtof,prof44@gmail.com,data2044,144
P46,TestPtof,prof45@gmail.com,data2045,145
P47,TestPtof,prof46@gmail.com,data2046,146
P48,TestPtof,prof47@gmail.com,data2047,147
P49,TestPtof,prof48@gmail.com,data2048,148
P50,TestPtof,prof49@gmail.com,data2049,149
P51,TestPtof,prof50@gmail.com,data2050,150
P52,TestPtof,prof51@gmail.com,data2051,151
P53,TestPtof,prof52@gmail.com,data2052,152
P54,TestPtof,prof53@gmail.com,data2053,153
P55,TestPtof,prof54@gmail.com,data2054,154
P56,TestPtof,prof55@gmail.com,data2055,155
P57,TestPtof,prof56@gmail.com,data2056,156
P58,TestPtof,prof57@gmail.com,data2057,157
P59,TestPtof,prof58@gmail.com,data2058,158
P60,TestPtof,prof59@gmail.com,data2059,159
P61,TestPtof,prof60@gmail.com,data2060,160
P62,TestPtof,prof61@gmail.com,data2061,161
P63,TestPtof,prof62@gmail.com,data2062,162
P64,TestPtof,prof63@gmail.com,data2063,163
P65,TestPtof,prof64@gmail.com,data2064,164
P66,TestPtof,prof65@gmail.com,data2065,165
P67,TestPtof,prof66@gmail.com,data2066,166
P68,TestPtof,prof67@gmail.com,data2067,167
P69,TestPtof,prof68@gmail.com,data2068,168
P70,TestPtof,prof69@gmail.com,data2069,169
P71,TestPtof,prof70@gmail.com,data2070,170
P72,TestPtof,prof71@gmail.com,data2071,171
P73,TestPtof,prof72@gmail.com,data2072,172
P74,TestPtof,prof73@gmail.com,data2073,173
P75,TestPtof,prof74@gmail.com,data2074,174
P76,TestPtof,prof75@gmail.com,data2075,175
P77,TestPtof,prof76@gmail.com,data2076,176
P78,TestPtof,prof77@gmail.com,data2077,177
P79,TestPtof,prof78@gmail.com,data2078,178
P80,TestPtof,prof79@gmail.com,data2079,179
P81,TestPtof,prof80@gmail.com,data2080,180
P82,TestPtof,prof81@gmail.com,data2081,181
P83,TestPtof,prof82@gmail.com,data2082,182
P84,TestPtof,prof83@gmail.com,data2083,183
P85,TestPtof,prof84@gmail.com,data2084,184
P86,TestPtof,prof85@gmail.com,data2085,185
P87,TestPtof,prof86@gmail.com,data2086,186
P88,TestPtof,prof87@gmail.com,data2087,187
P89,TestPtof,prof88@gmail.com,data2088,188
P90,TestPtof,prof89@gmail.com,data2089,189
P91,TestPtof,prof90@gmail.com,data2090,190
P92,TestPtof,prof91@gmail.com,data2091,191
P93,TestPtof,prof92@gmail.com,data2092,192
P94,TestPtof,prof93@gmail.com,data2093,193
P95,TestPtof,prof94@gmail.com,data2094,194
P96,TestPtof,prof95@gmail.com,data2095,195
P97,TestPtof,prof96@gmail.com,data2096,196
P98,TestPtof,prof97@gmail.com,data2097,197
P99,TestPtof,prof98@gmail.com,data2098,198
P100,TestPtof,prof99@gmail.com,data2099,199
