Email,FirstName,LastName,CourseId,Grades,Marks,StudentId
dr0@gmail.com,Disha,Rawat,data200,A,99.6,S1
dr1@gmail.com,Disha,Rawat,data200,A,98,S2
dr2@gmail.com,Disha,Rawat,data200,A,97,S3
dr3@gmail.com,Disha,Rawat,data200,,,S4
dr4@gmail.com,Disha,Rawat,data200,,,S5
dr5@gmail.com,Disha,Rawat,data200,,,S6
dr6@gmail.com,Disha,Rawat,data200,,,S7
dr7@gmail.com,Disha,Rawat,data200,,,S8
dr8@gmail.com,Disha,Rawat,data200,,,S9
dr9@gmail.com,Disha,Rawat,data200,B,80,S10
dr10@gmail.com,Disha,Rawat,data200,,,S11
dr11@gmail.com,Disha,Rawat,data200,,,S12
dr12@gmail.com,Disha,Rawat,data200,,,S13
dr13@gmail.com,Disha,Rawat,data200,C,70,S14
dr14@gmail.com,Disha,Rawat,data200,,,S15
dr15@gmail.com,Disha,Rawat,data200,A,97,S16
dr16@gmail.com,Disha,Rawat,data200,,,S17
dr17@gmail.com,Disha,Rawat,data200,,,S18
dr18@gmail.com,Disha,Rawat,data200,,,S19
dr19@gmail.com,Disha,Rawat,data200,B,81,S20
dr20@gmail.com,Disha,Rawat,data200,,,S21
dr21@gmail.com,Disha,Rawat,data200,,,S22
dr22@gmail.com,Disha,Rawat,data200,,,S23
dr24@gmail.com,Disha,Rawat,data200,A,98.5,S25
dr25@gmail.com,Disha,Rawat,data200,,,S26
dr26@gmail.com,Disha,Rawat,data200,,,S27
dr27@gmail.com,Disha,Rawat,data200,,,S28
dr28@gmail.com,Disha,Rawat,data200,,,S29
dr29@gmail.com,Disha,Rawat,data200,,,S30
dr30@gmail.com,Disha,Rawat,data200,,,S31
dr31@gmail.com,Disha,Rawat,data200,,,S32
dr32@gmail.com,Disha,Rawat,data200,,,S33
dr33@gmail.com,Disha,Rawat,data200,,,S34
dr34@gmail.com,Disha,Rawat,data200,,,S35
dr35@gmail.com,Disha,Rawat,data200,,,S36
dr36@gmail.com,Disha,Rawat,data200,,,S37
dr37@gmail.com,Disha,Rawat,data200,,,S38
dr38@gmail.com,Disha,Rawat,data200,,,S39
dr39@gmail.com,Disha,Rawat,data200,,,S40
dr40@gmail.com,Disha,Rawat,data200,,,S41
dr41@gmail.com,Disha,Rawat,data200,,,S42
dr42@gmail.com,Disha,Rawat,data200,,,S43
dr43@gmail.com,Disha,Rawat,data200,,,S44
dr44@gmail.com,Disha,Rawat,data200,,,S45
dr45@gmail.com,Disha,Rawat,data200,,,S46
dr46@gmail.com,Disha,Rawat,data200,,,S47
dr47@gmail.com,Disha,Rawat,data200,,,S48
dr48@gmail.com,Disha,Rawat,data200,,,S49
dr49@gmail.com,Disha,Rawat,data200,,,S50
dr50@gmail.com,Disha,Rawat,data200,,,S51
dr51@gmail.com,Disha,Rawat,data200,,,S52
dr52@gmail.com,Disha,Rawat,data200,,,S53
dr53@gmail.com,Disha,Rawat,data200,,,S54
dr54@gmail.com,Disha,Rawat,data200,,,S55
dr55@gmail.com,Disha,Rawat,data200,,,S56
dr56@gmail.com,Disha,Rawat,data200,,,S57
dr57@gmail.com,Disha,Rawat,data200,,,S58
dr58@gmail.com,Disha,Rawat,data200,,,S59
dr59@gmail.com,Disha,Rawat,data200,,,S60
dr60@gmail.com,Disha,Rawat,data200,,,S61
dr61@gmail.com,Disha,Rawat,data200,,,S62
dr62@gmail.com,Disha,Rawat,data200,,,S63
dr63@gmail.com,Disha,Rawat,data200,,,S64
dr64@gmail.com,Disha,Rawat,data200,,,S65
dr65@gmail.com,Disha,Rawat,data200,,,S66
dr66@gmail.com,Disha,Rawat,data200,,,S67
dr67@gmail.com,Disha,Rawat,data200,,,S68
dr68@gmail.com,Disha,Rawat,data200,,,S69
dr69@gmail.com,Disha,Rawat,data200,,,S70
dr70@gmail.com,Disha,Rawat,data200,,,S71
dr71@gmail.com,Disha,Rawat,data200,,,S72
dr72@gmail.com,Disha,Rawat,data200,,,S73
dr73@gmail.com,Disha,Rawat,data200,,,S74
dr74@gmail.com,Disha,Rawat,data200,,,S75
dr75@gmail.com,Disha,Rawat,data200,,,S76
dr76@gmail.com,Disha,Rawat,data200,,,S77
dr77@gmail.com,Disha,Rawat,data200,,,S78
dr78@gmail.com,Disha,Rawat,data200,,,S79
dr79@gmail.com,Disha,Rawat,data200,,,S80
dr80@gmail.com,Disha,Rawat,data200,,,S81
dr81@gmail.com,Disha,Rawat,data200,,,S82
dr82@gmail.com,Disha,Rawat,data200,,,S83
dr83@gmail.com,Disha,Rawat,data200,,,S84
dr84@gmail.com,Disha,Rawat,data200,,,S85
dr85@gmail.com,Disha,Rawat,data200,,,S86
dr86@gmail.com,Disha,Rawat,data200,,,S87
dr87@gmail.com,Disha,Rawat,data200,,,S88
dr88@gmail.com,Disha,Rawat,data200,,,S89
dr89@gmail.com,Disha,Rawat,data200,85,B,S90
dr90@gmail.com,Disha,Rawat,data200,,,S91
dr91@gmail.com,Disha,Rawat,data200,,,S92
dr92@gmail.com,Disha,Rawat,data200,,,S93
dr93@gmail.com,Disha,Rawat,data200,,,S94
dr94@gmail.com,Disha,Rawat,data200,,,S95
dr95@gmail.com,Disha,Rawat,data200,,,S96
dr96@gmail.com,Disha,Rawat,data200,,,S97
dr97@gmail.com,Disha,Rawat,data200,,,S98
dr98@gmail.com,Disha,Rawat,data200,,,S99
dr99@gmail.com,Disha,Rawat,data200,,,S100
dr100@gmail.com,Disha,Rawat,data200,,,S101
dr101@gmail.com,Disha,Rawat,data200,,,S102
dr102@gmail.com,Disha,Rawat,data200,,,S103
dr103@gmail.com,Disha,Rawat,data200,,,S104
dr104@gmail.com,Disha,Rawat,data200,,,S105
dr105@gmail.com,Disha,Rawat,data200,,,S106
dr106@gmail.com,Disha,Rawat,data200,,,S107
dr107@gmail.com,Disha,Rawat,data200,,,S108
dr108@gmail.com,Disha,Rawat,data200,,,S109
dr109@gmail.com,Disha,Rawat,data200,,,S110
dr110@gmail.com,Disha,Rawat,data200,,,S111
dr111@gmail.com,Disha,Rawat,data200,,,S112
dr112@gmail.com,Disha,Rawat,data200,,,S113
dr113@gmail.com,Disha,Rawat,data200,,,S114
dr114@gmail.com,Disha,Rawat,data200,,,S115
dr115@gmail.com,Disha,Rawat,data200,,,S116
dr116@gmail.com,Disha,Rawat,data200,,,S117
dr117@gmail.com,Disha,Rawat,data200,,,S118
dr118@gmail.com,Disha,Rawat,data200,,,S119
dr119@gmail.com,Disha,Rawat,data200,,,S120
dr120@gmail.com,Disha,Rawat,data200,,,S121
dr121@gmail.com,Disha,Rawat,data200,,,S122
dr122@gmail.com,Disha,Rawat,data200,,,S123
dr123@gmail.com,Disha,Rawat,data200,,,S124
dr124@gmail.com,Disha,Rawat,data200,,,S125
dr125@gmail.com,Disha,Rawat,data200,,,S126
dr126@gmail.com,Disha,Rawat,data200,,,S127
dr127@gmail.com,Disha,Rawat,data200,,,S128
dr128@gmail.com,Disha,Rawat,data200,,,S129
dr129@gmail.com,Disha,Rawat,data200,,,S130
dr130@gmail.com,Disha,Rawat,data200,,,S131
dr131@gmail.com,Disha,Rawat,data200,,,S132
dr132@gmail.com,Disha,Rawat,data200,,,S133
dr133@gmail.com,Disha,Rawat,data200,,,S134
dr134@gmail.com,Disha,Rawat,data200,,,S135
dr135@gmail.com,Disha,Rawat,data200,,,S136
dr136@gmail.com,Disha,Rawat,data200,,,S137
dr137@gmail.com,Disha,Rawat,data200,,,S138
dr138@gmail.com,Disha,Rawat,data200,,,S139
dr139@gmail.com,Disha,Rawat,data200,,,S140
dr140@gmail.com,Disha,Rawat,data200,,,S141
dr141@gmail.com,Disha,Rawat,data200,,,S142
dr142@gmail.com,Disha,Rawat,data200,,,S143
dr143@gmail.com,Disha,Rawat,data200,,,S144
dr144@gmail.com,Disha,Rawat,data200,,,S145
dr145@gmail.com,Disha,Rawat,data200,,,S146
dr146@gmail.com,Disha,Rawat,data200,,,S147
dr147@gmail.com,Disha,Rawat,data200,,,S148
dr148@gmail.com,Disha,Rawat,data200,,,S149
dr149@gmail.com,Disha,Rawat,data200,,,S150
dr150@gmail.com,Disha,Rawat,data200,,,S151
dr151@gmail.com,Disha,Rawat,data200,,,S152
dr152@gmail.com,Disha,Rawat,data200,,,S153
dr153@gmail.com,Disha,Rawat,data200,,,S154
dr154@gmail.com,Disha,Rawat,data200,,,S155
dr155@gmail.com,Disha,Rawat,data200,,,S156
dr156@gmail.com,Disha,Rawat,data200,,,S157
dr157@gmail.com,Disha,Rawat,data200,,,S158
dr158@gmail.com,Disha,Rawat,data200,,,S159
dr159@gmail.com,Disha,Rawat,data200,,,S160
dr160@gmail.com,Disha,Rawat,data200,,,S161
dr161@gmail.com,Disha,Rawat,data200,,,S162
dr162@gmail.com,Disha,Rawat,data200,,,S163
dr163@gmail.com,Disha,Rawat,data200,,,S164
dr164@gmail.com,Disha,Rawat,data200,,,S165
dr165@gmail.com,Disha,Rawat,data200,,,S166
dr166@gmail.com,Disha,Rawat,data200,,,S167
dr167@gmail.com,Disha,Rawat,data200,,,S168
dr168@gmail.com,Disha,Rawat,data200,,,S169
dr169@gmail.com,Disha,Rawat,data200,,,S170
dr170@gmail.com,Disha,Rawat,data200,,,S171
dr171@gmail.com,Disha,Rawat,data200,,,S172
dr172@gmail.com,Disha,Rawat,data200,,,S173
dr173@gmail.com,Disha,Rawat,data200,,,S174
dr174@gmail.com,Disha,Rawat,data200,,,S175
dr175@gmail.com,Disha,Rawat,data200,,,S176
dr176@gmail.com,Disha,Rawat,data200,,,S177
dr177@gmail.com,Disha,Rawat,data200,,,S178
dr178@gmail.com,Disha,Rawat,data200,,,S179
dr179@gmail.com,Disha,Rawat,data200,,,S180
dr180@gmail.com,Disha,Rawat,data200,,,S181
dr181@gmail.com,Disha,Rawat,data200,,,S182
dr182@gmail.com,Disha,Rawat,data200,,,S183
dr183@gmail.com,Disha,Rawat,data200,,,S184
dr184@gmail.com,Disha,Rawat,data200,,,S185
dr185@gmail.com,Disha,Rawat,data200,,,S186
dr186@gmail.com,Disha,Rawat,data200,,,S187
dr187@gmail.com,Disha,Rawat,data200,,,S188
dr188@gmail.com,Disha,Rawat,data200,,,S189
dr189@gmail.com,Disha,Rawat,data200,,,S190
dr190@gmail.com,Disha,Rawat,data200,,,S191
dr191@gmail.com,Disha,Rawat,data200,,,S192
dr192@gmail.com,Disha,Rawat,data200,,,S193
dr193@gmail.com,Disha,Rawat,data200,,,S194
dr194@gmail.com,Disha,Rawat,data200,,,S195
dr195@gmail.com,Disha,Rawat,data200,,,S196
dr196@gmail.com,Disha,Rawat,data200,,,S197
dr197@gmail.com,Disha,Rawat,data200,,,S198
dr198@gmail.com,Disha,Rawat,data200,,,S199
dr199@gmail.com,Disha,Rawat,data200,,,S200
dr200@gmail.com,Disha,Rawat,data200,,,S201
dr201@gmail.com,Disha,Rawat,data200,,,S202
dr202@gmail.com,Disha,Rawat,data200,,,S203
dr203@gmail.com,Disha,Rawat,data200,,,S204
dr204@gmail.com,Disha,Rawat,data200,,,S205
dr205@gmail.com,Disha,Rawat,data200,,,S206
dr206@gmail.com,Disha,Rawat,data200,,,S207
dr207@gmail.com,Disha,Rawat,data200,,,S208
dr208@gmail.com,Disha,Rawat,data200,,,S209
dr209@gmail.com,Disha,Rawat,data200,,,S210
dr210@gmail.com,Disha,Rawat,data200,,,S211
dr211@gmail.com,Disha,Rawat,data200,,,S212
dr212@gmail.com,Disha,Rawat,data200,,,S213
dr213@gmail.com,Disha,Rawat,data200,,,S214
dr214@gmail.com,Disha,Rawat,data200,,,S215
dr215@gmail.com,Disha,Rawat,data200,,,S216
dr216@gmail.com,Disha,Rawat,data200,,,S217
dr217@gmail.com,Disha,Rawat,data200,,,S218
dr218@gmail.com,Disha,Rawat,data200,,,S219
dr219@gmail.com,Disha,Rawat,data200,,,S220
dr220@gmail.com,Disha,Rawat,data200,,,S221
dr221@gmail.com,Disha,Rawat,data200,,,S222
dr222@gmail.com,Disha,Rawat,data200,,,S223
dr223@gmail.com,Disha,Rawat,data200,,,S224
dr224@gmail.com,Disha,Rawat,data200,,,S225
dr225@gmail.com,Disha,Rawat,data200,,,S226
dr226@gmail.com,Disha,Rawat,data200,,,S227
dr227@gmail.com,Disha,Rawat,data200,,,S228
dr228@gmail.com,Disha,Rawat,data200,,,S229
dr229@gmail.com,Disha,Rawat,data200,,,S230
dr230@gmail.com,Disha,Rawat,data200,,,S231
dr231@gmail.com,Disha,Rawat,data200,,,S232
dr232@gmail.com,Disha,Rawat,data200,,,S233
dr233@gmail.com,Disha,Rawat,data200,,,S234
dr234@gmail.com,Disha,Rawat,data200,,,S235
dr235@gmail.com,Disha,Rawat,data200,,,S236
dr236@gmail.com,Disha,Rawat,data200,,,S237
dr237@gmail.com,Disha,Rawat,data200,,,S238
dr238@gmail.com,Disha,Rawat,data200,,,S239
dr239@gmail.com,Disha,Rawat,data200,,,S240
dr240@gmail.com,Disha,Rawat,data200,,,S241
dr241@gmail.com,Disha,Rawat,data200,,,S242
dr242@gmail.com,Disha,Rawat,data200,,,S243
dr243@gmail.com,Disha,Rawat,data200,,,S244
dr244@gmail.com,Disha,Rawat,data200,,,S245
dr245@gmail.com,Disha,Rawat,data200,,,S246
dr246@gmail.com,Disha,Rawat,data200,,,S247
dr247@gmail.com,Disha,Rawat,data200,,,S248
dr248@gmail.com,Disha,Rawat,data200,,,S249
dr249@gmail.com,Disha,Rawat,data200,,,S250
dr250@gmail.com,Disha,Rawat,data200,,,S251
dr251@gmail.com,Disha,Rawat,data200,,,S252
dr252@gmail.com,Disha,Rawat,data200,,,S253
dr253@gmail.com,Disha,Rawat,data200,,,S254
dr254@gmail.com,Disha,Rawat,data200,,,S255
dr255@gmail.com,Disha,Rawat,data200,,,S256
dr256@gmail.com,Disha,Rawat,data200,,,S257
dr257@gmail.com,Disha,Rawat,data200,,,S258
dr258@gmail.com,Disha,Rawat,data200,,,S259
dr259@gmail.com,Disha,Rawat,data200,,,S260
dr260@gmail.com,Disha,Rawat,data200,,,S261
dr261@gmail.com,Disha,Rawat,data200,,,S262
dr262@gmail.com,Disha,Rawat,data200,,,S263
dr263@gmail.com,Disha,Rawat,data200,,,S264
dr264@gmail.com,Disha,Rawat,data200,,,S265
dr265@gmail.com,Disha,Rawat,data200,,,S266
dr266@gmail.com,Disha,Rawat,data200,,,S267
dr267@gmail.com,Disha,Rawat,data200,,,S268
dr268@gmail.com,Disha,Rawat,data200,,,S269
dr269@gmail.com,Disha,Rawat,data200,,,S270
dr270@gmail.com,Disha,Rawat,data200,,,S271
dr271@gmail.com,Disha,Rawat,data200,,,S272
dr272@gmail.com,Disha,Rawat,data200,,,S273
dr273@gmail.com,Disha,Rawat,data200,,,S274
dr274@gmail.com,Disha,Rawat,data200,,,S275
dr275@gmail.com,Disha,Rawat,data200,,,S276
dr276@gmail.com,Disha,Rawat,data200,,,S277
dr277@gmail.com,Disha,Rawat,data200,,,S278
dr278@gmail.com,Disha,Rawat,data200,,,S279
dr279@gmail.com,Disha,Rawat,data200,,,S280
dr280@gmail.com,Disha,Rawat,data200,,,S281
dr281@gmail.com,Disha,Rawat,data200,,,S282
dr282@gmail.com,Disha,Rawat,data200,,,S283
dr283@gmail.com,Disha,Rawat,data200,,,S284
dr284@gmail.com,Disha,Rawat,data200,,,S285
dr285@gmail.com,Disha,Rawat,data200,,,S286
dr286@gmail.com,Disha,Rawat,data200,,,S287
dr287@gmail.com,Disha,Rawat,data200,,,S288
dr288@gmail.com,Disha,Rawat,data200,,,S289
dr289@gmail.com,Disha,Rawat,data200,,,S290
dr290@gmail.com,Disha,Rawat,data200,A,97,S291
dr291@gmail.com,Disha,Rawat,data200,,,S292
dr292@gmail.com,Disha,Rawat,data200,,,S293
dr293@gmail.com,Disha,Rawat,data200,,,S294
dr294@gmail.com,Disha,Rawat,data200,,,S295
dr295@gmail.com,Disha,Rawat,data200,,,S296
dr296@gmail.com,Disha,Rawat,data200,,,S297
dr297@gmail.com,Disha,Rawat,data200,,,S298
dr298@gmail.com,Disha,Rawat,data200,,,S299
dr299@gmail.com,Disha,Rawat,data200,,,S300
dr300@gmail.com,Disha,Rawat,data200,,,S301
dr301@gmail.com,Disha,Rawat,data200,,,S302
dr302@gmail.com,Disha,Rawat,data200,,,S303
dr303@gmail.com,Disha,Rawat,data200,,,S304
dr304@gmail.com,Disha,Rawat,data200,,,S305
dr305@gmail.com,Disha,Rawat,data200,,,S306
dr306@gmail.com,Disha,Rawat,data200,,,S307
dr307@gmail.com,Disha,Rawat,data200,,,S308
dr308@gmail.com,Disha,Rawat,data200,,,S309
dr309@gmail.com,Disha,Rawat,data200,,,S310
dr310@gmail.com,Disha,Rawat,data200,,,S311
dr311@gmail.com,Disha,Rawat,data200,,,S312
dr312@gmail.com,Disha,Rawat,data200,,,S313
dr313@gmail.com,Disha,Rawat,data200,,,S314
dr314@gmail.com,Disha,Rawat,data200,,,S315
dr315@gmail.com,Disha,Rawat,data200,,,S316
dr316@gmail.com,Disha,Rawat,data200,,,S317
dr317@gmail.com,Disha,Rawat,data200,,,S318
dr318@gmail.com,Disha,Rawat,data200,,,S319
dr319@gmail.com,Disha,Rawat,data200,,,S320
dr320@gmail.com,Disha,Rawat,data200,,,S321
dr321@gmail.com,Disha,Rawat,data200,,,S322
dr322@gmail.com,Disha,Rawat,data200,,,S323
dr323@gmail.com,Disha,Rawat,data200,,,S324
dr324@gmail.com,Disha,Rawat,data200,,,S325
dr325@gmail.com,Disha,Rawat,data200,,,S326
dr326@gmail.com,Disha,Rawat,data200,,,S327
dr327@gmail.com,Disha,Rawat,data200,,,S328
dr328@gmail.com,Disha,Rawat,data200,,,S329
dr329@gmail.com,Disha,Rawat,data200,,,S330
dr330@gmail.com,Disha,Rawat,data200,,,S331
dr331@gmail.com,Disha,Rawat,data200,A,95,S332
dr332@gmail.com,Disha,Rawat,data200,,,S333
dr333@gmail.com,Disha,Rawat,data200,,,S334
dr334@gmail.com,Disha,Rawat,data200,,,S335
dr335@gmail.com,Disha,Rawat,data200,,,S336
dr336@gmail.com,Disha,Rawat,data200,,,S337
dr337@gmail.com,Disha,Rawat,data200,,,S338
dr338@gmail.com,Disha,Rawat,data200,,,S339
dr339@gmail.com,Disha,Rawat,data200,,,S340
dr340@gmail.com,Disha,Rawat,data200,,,S341
dr341@gmail.com,Disha,Rawat,data200,,,S342
dr342@gmail.com,Disha,Rawat,data200,,,S343
dr343@gmail.com,Disha,Rawat,data200,,,S344
dr344@gmail.com,Disha,Rawat,data200,,,S345
dr345@gmail.com,Disha,Rawat,data200,,,S346
dr346@gmail.com,Disha,Rawat,data200,,,S347
dr347@gmail.com,Disha,Rawat,data200,,,S348
dr348@gmail.com,Disha,Rawat,data200,,,S349
dr349@gmail.com,Disha,Rawat,data200,,,S350
dr350@gmail.com,Disha,Rawat,data200,,,S351
dr351@gmail.com,Disha,Rawat,data200,,,S352
dr352@gmail.com,Disha,Rawat,data200,,,S353
dr353@gmail.com,Disha,Rawat,data200,,,S354
dr354@gmail.com,Disha,Rawat,data200,,,S355
dr355@gmail.com,Disha,Rawat,data200,,,S356
dr356@gmail.com,Disha,Rawat,data200,,,S357
dr357@gmail.com,Disha,Rawat,data200,,,S358
dr358@gmail.com,Disha,Rawat,data200,,,S359
dr359@gmail.com,Disha,Rawat,data200,,,S360
dr360@gmail.com,Disha,Rawat,data200,,,S361
dr361@gmail.com,Disha,Rawat,data200,,,S362
dr362@gmail.com,Disha,Rawat,data200,,,S363
dr363@gmail.com,Disha,Rawat,data200,,,S364
dr364@gmail.com,Disha,Rawat,data200,,,S365
dr365@gmail.com,Disha,Rawat,data200,,,S366
dr366@gmail.com,Disha,Rawat,data200,,,S367
dr367@gmail.com,Disha,Rawat,data200,,,S368
dr368@gmail.com,Disha,Rawat,data200,,,S369
dr369@gmail.com,Disha,Rawat,data200,,,S370
dr370@gmail.com,Disha,Rawat,data200,,,S371
dr371@gmail.com,Disha,Rawat,data200,,,S372
dr372@gmail.com,Disha,Rawat,data200,,,S373
dr373@gmail.com,Disha,Rawat,data200,,,S374
dr374@gmail.com,Disha,Rawat,data200,,,S375
dr375@gmail.com,Disha,Rawat,data200,,,S376
dr376@gmail.com,Disha,Rawat,data200,,,S377
dr377@gmail.com,Disha,Rawat,data200,,,S378
dr378@gmail.com,Disha,Rawat,data200,,,S379
dr379@gmail.com,Disha,Rawat,data200,,,S380
dr380@gmail.com,Disha,Rawat,data200,,,S381
dr381@gmail.com,Disha,Rawat,data200,,,S382
dr382@gmail.com,Disha,Rawat,data200,,,S383
dr383@gmail.com,Disha,Rawat,data200,,,S384
dr384@gmail.com,Disha,Rawat,data200,,,S385
dr385@gmail.com,Disha,Rawat,data200,,,S386
dr386@gmail.com,Disha,Rawat,data200,,,S387
dr387@gmail.com,Disha,Rawat,data200,,,S388
dr388@gmail.com,Disha,Rawat,data200,,,S389
dr389@gmail.com,Disha,Rawat,data200,,,S390
dr390@gmail.com,Disha,Rawat,data200,,,S391
dr391@gmail.com,Disha,Rawat,data200,,,S392
dr392@gmail.com,Disha,Rawat,data200,,,S393
dr393@gmail.com,Disha,Rawat,data200,,,S394
dr394@gmail.com,Disha,Rawat,data200,,,S395
dr395@gmail.com,Disha,Rawat,data200,,,S396
dr396@gmail.com,Disha,Rawat,data200,,,S397
dr397@gmail.com,Disha,Rawat,data200,,,S398
dr398@gmail.com,Disha,Rawat,data200,,,S399
dr399@gmail.com,Disha,Rawat,data200,,,S400
dr400@gmail.com,Disha,Rawat,data200,,,S401
dr401@gmail.com,Disha,Rawat,data200,,,S402
dr402@gmail.com,Disha,Rawat,data200,,,S403
dr403@gmail.com,Disha,Rawat,data200,,,S404
dr404@gmail.com,Disha,Rawat,data200,,,S405
dr405@gmail.com,Disha,Rawat,data200,,,S406
dr406@gmail.com,Disha,Rawat,data200,,,S407
dr407@gmail.com,Disha,Rawat,data200,,,S408
dr408@gmail.com,Disha,Rawat,data200,,,S409
dr409@gmail.com,Disha,Rawat,data200,,,S410
dr410@gmail.com,Disha,Rawat,data200,,,S411
dr411@gmail.com,Disha,Rawat,data200,,,S412
dr412@gmail.com,Disha,Rawat,data200,,,S413
dr413@gmail.com,Disha,Rawat,data200,,,S414
dr414@gmail.com,Disha,Rawat,data200,,,S415
dr415@gmail.com,Disha,Rawat,data200,,,S416
dr416@gmail.com,Disha,Rawat,data200,,,S417
dr417@gmail.com,Disha,Rawat,data200,,,S418
dr418@gmail.com,Disha,Rawat,data200,,,S419
dr419@gmail.com,Disha,Rawat,data200,,,S420
dr420@gmail.com,Disha,Rawat,data200,,,S421
dr421@gmail.com,Disha,Rawat,data200,,,S422
dr422@gmail.com,Disha,Rawat,data200,,,S423
dr423@gmail.com,Disha,Rawat,data200,,,S424
dr424@gmail.com,Disha,Rawat,data200,,,S425
dr425@gmail.com,Disha,Rawat,data200,,,S426
dr426@gmail.com,Disha,Rawat,data200,,,S427
dr427@gmail.com,Disha,Rawat,data200,,,S428
dr428@gmail.com,Disha,Rawat,data200,,,S429
dr429@gmail.com,Disha,Rawat,data200,,,S430
dr430@gmail.com,Disha,Rawat,data200,,,S431
dr431@gmail.com,Disha,Rawat,data200,,,S432
dr432@gmail.com,Disha,Rawat,data200,,,S433
dr433@gmail.com,Disha,Rawat,data200,,,S434
dr434@gmail.com,Disha,Rawat,data200,,,S435
dr435@gmail.com,Disha,Rawat,data200,,,S436
dr436@gmail.com,Disha,Rawat,data200,,,S437
dr437@gmail.com,Disha,Rawat,data200,,,S438
dr438@gmail.com,Disha,Rawat,data200,,,S439
dr439@gmail.com,Disha,Rawat,data200,,,S440
dr440@gmail.com,Disha,Rawat,data200,,,S441
dr441@gmail.com,Disha,Rawat,data200,,,S442
dr442@gmail.com,Disha,Rawat,data200,,,S443
dr443@gmail.com,Disha,Rawat,data200,,,S444
dr444@gmail.com,Disha,Rawat,data200,,,S445
dr445@gmail.com,Disha,Rawat,data200,,,S446
dr446@gmail.com,Disha,Rawat,data200,,,S447
dr447@gmail.com,Disha,Rawat,data200,,,S448
dr448@gmail.com,Disha,Rawat,data200,,,S449
dr449@gmail.com,Disha,Rawat,data200,,,S450
dr450@gmail.com,Disha,Rawat,data200,,,S451
dr451@gmail.com,Disha,Rawat,data200,,,S452
dr452@gmail.com,Disha,Rawat,data200,,,S453
dr453@gmail.com,Disha,Rawat,data200,,,S454
dr454@gmail.com,Disha,Rawat,data200,,,S455
dr455@gmail.com,Disha,Rawat,data200,,,S456
dr456@gmail.com,Disha,Rawat,data200,,,S457
dr457@gmail.com,Disha,Rawat,data200,,,S458
dr458@gmail.com,Disha,Rawat,data200,,,S459
dr459@gmail.com,Disha,Rawat,data200,,,S460
dr460@gmail.com,Disha,Rawat,data200,,,S461
dr461@gmail.com,Disha,Rawat,data200,,,S462
dr462@gmail.com,Disha,Rawat,data200,,,S463
dr463@gmail.com,Disha,Rawat,data200,,,S464
dr464@gmail.com,Disha,Rawat,data200,,,S465
dr465@gmail.com,Disha,Rawat,data200,,,S466
dr466@gmail.com,Disha,Rawat,data200,,,S467
dr467@gmail.com,Disha,Rawat,data200,,,S468
dr468@gmail.com,Disha,Rawat,data200,,,S469
dr469@gmail.com,Disha,Rawat,data200,,,S470
dr470@gmail.com,Disha,Rawat,data200,,,S471
dr471@gmail.com,Disha,Rawat,data200,,,S472
dr472@gmail.com,Disha,Rawat,data200,,,S473
dr473@gmail.com,Disha,Rawat,data200,,,S474
dr474@gmail.com,Disha,Rawat,data200,,,S475
dr475@gmail.com,Disha,Rawat,data200,,,S476
dr476@gmail.com,Disha,Rawat,data200,,,S477
dr477@gmail.com,Disha,Rawat,data200,,,S478
dr478@gmail.com,Disha,Rawat,data200,,,S479
dr479@gmail.com,Disha,Rawat,data200,,,S480
dr480@gmail.com,Disha,Rawat,data200,,,S481
dr481@gmail.com,Disha,Rawat,data200,,,S482
dr482@gmail.com,Disha,Rawat,data200,,,S483
dr483@gmail.com,Disha,Rawat,data200,,,S484
dr484@gmail.com,Disha,Rawat,data200,,,S485
dr485@gmail.com,Disha,Rawat,data200,,,S486
dr486@gmail.com,Disha,Rawat,data200,,,S487
dr487@gmail.com,Disha,Rawat,data200,,,S488
dr488@gmail.com,Disha,Rawat,data200,,,S489
dr489@gmail.com,Disha,Rawat,data200,,,S490
dr490@gmail.com,Disha,Rawat,data200,,,S491
dr491@gmail.com,Disha,Rawat,data200,,,S492
dr492@gmail.com,Disha,Rawat,data200,,,S493
dr493@gmail.com,Disha,Rawat,data200,,,S494
dr494@gmail.com,Disha,Rawat,data200,,,S495
dr495@gmail.com,Disha,Rawat,data200,,,S496
dr496@gmail.com,Disha,Rawat,data200,,,S497
dr497@gmail.com,Disha,Rawat,data200,,,S498
dr498@gmail.com,Disha,Rawat,data200,,,S499
dr499@gmail.com,Disha,Rawat,data200,,,S500
dr500@gmail.com,Disha,Rawat,data200,,,S501
dr501@gmail.com,Disha,Rawat,data200,,,S502
dr502@gmail.com,Disha,Rawat,data200,,,S503
dr503@gmail.com,Disha,Rawat,data200,,,S504
dr504@gmail.com,Disha,Rawat,data200,,,S505
dr505@gmail.com,Disha,Rawat,data200,,,S506
dr506@gmail.com,Disha,Rawat,data200,,,S507
dr507@gmail.com,Disha,Rawat,data200,,,S508
dr508@gmail.com,Disha,Rawat,data200,,,S509
dr509@gmail.com,Disha,Rawat,data200,,,S510
dr510@gmail.com,Disha,Rawat,data200,,,S511
dr511@gmail.com,Disha,Rawat,data200,,,S512
dr512@gmail.com,Disha,Rawat,data200,,,S513
dr513@gmail.com,Disha,Rawat,data200,,,S514
dr514@gmail.com,Disha,Rawat,data200,,,S515
dr515@gmail.com,Disha,Rawat,data200,,,S516
dr516@gmail.com,Disha,Rawat,data200,,,S517
dr517@gmail.com,Disha,Rawat,data200,,,S518
dr518@gmail.com,Disha,Rawat,data200,,,S519
dr519@gmail.com,Disha,Rawat,data200,,,S520
dr520@gmail.com,Disha,Rawat,data200,,,S521
dr521@gmail.com,Disha,Rawat,data200,,,S522
dr522@gmail.com,Disha,Rawat,data200,,,S523
dr523@gmail.com,Disha,Rawat,data200,,,S524
dr524@gmail.com,Disha,Rawat,data200,,,S525
dr525@gmail.com,Disha,Rawat,data200,,,S526
dr526@gmail.com,Disha,Rawat,data200,,,S527
dr527@gmail.com,Disha,Rawat,data200,,,S528
dr528@gmail.com,Disha,Rawat,data200,,,S529
dr529@gmail.com,Disha,Rawat,data200,,,S530
dr530@gmail.com,Disha,Rawat,data200,,,S531
dr531@gmail.com,Disha,Rawat,data200,,,S532
dr532@gmail.com,Disha,Rawat,data200,,,S533
dr533@gmail.com,Disha,Rawat,data200,,,S534
dr534@gmail.com,Disha,Rawat,data200,,,S535
dr535@gmail.com,Disha,Rawat,data200,,,S536
dr536@gmail.com,Disha,Rawat,data200,,,S537
dr537@gmail.com,Disha,Rawat,data200,,,S538
dr538@gmail.com,Disha,Rawat,data200,,,S539
dr539@gmail.com,Disha,Rawat,data200,,,S540
dr540@gmail.com,Disha,Rawat,data200,,,S541
dr541@gmail.com,Disha,Rawat,data200,,,S542
dr542@gmail.com,Disha,Rawat,data200,,,S543
dr543@gmail.com,Disha,Rawat,data200,,,S544
dr544@gmail.com,Disha,Rawat,data200,,,S545
dr545@gmail.com,Disha,Rawat,data200,,,S546
dr546@gmail.com,Disha,Rawat,data200,,,S547
dr547@gmail.com,Disha,Rawat,data200,,,S548
dr548@gmail.com,Disha,Rawat,data200,,,S549
dr549@gmail.com,Disha,Rawat,data200,,,S550
dr550@gmail.com,Disha,Rawat,data200,,,S551
dr551@gmail.com,Disha,Rawat,data200,,,S552
dr552@gmail.com,Disha,Rawat,data200,,,S553
dr553@gmail.com,Disha,Rawat,data200,,,S554
dr554@gmail.com,Disha,Rawat,data200,,,S555
dr555@gmail.com,Disha,Rawat,data200,,,S556
dr556@gmail.com,Disha,Rawat,data200,,,S557
dr557@gmail.com,Disha,Rawat,data200,,,S558
dr558@gmail.com,Disha,Rawat,data200,,,S559
dr559@gmail.com,Disha,Rawat,data200,,,S560
dr560@gmail.com,Disha,Rawat,data200,,,S561
dr561@gmail.com,Disha,Rawat,data200,,,S562
dr562@gmail.com,Disha,Rawat,data200,,,S563
dr563@gmail.com,Disha,Rawat,data200,,,S564
dr564@gmail.com,Disha,Rawat,data200,,,S565
dr565@gmail.com,Disha,Rawat,data200,,,S566
dr566@gmail.com,Disha,Rawat,data200,,,S567
dr567@gmail.com,Disha,Rawat,data200,,,S568
dr568@gmail.com,Disha,Rawat,data200,,,S569
dr569@gmail.com,Disha,Rawat,data200,,,S570
dr570@gmail.com,Disha,Rawat,data200,,,S571
dr571@gmail.com,Disha,Rawat,data200,,,S572
dr572@gmail.com,Disha,Rawat,data200,,,S573
dr573@gmail.com,Disha,Rawat,data200,,,S574
dr574@gmail.com,Disha,Rawat,data200,,,S575
dr575@gmail.com,Disha,Rawat,data200,,,S576
dr576@gmail.com,Disha,Rawat,data200,,,S577
dr577@gmail.com,Disha,Rawat,data200,,,S578
dr578@gmail.com,Disha,Rawat,data200,,,S579
dr579@gmail.com,Disha,Rawat,data200,,,S580
dr580@gmail.com,Disha,Rawat,data200,,,S581
dr581@gmail.com,Disha,Rawat,data200,,,S582
dr582@gmail.com,Disha,Rawat,data200,,,S583
dr583@gmail.com,Disha,Rawat,data200,,,S584
dr584@gmail.com,Disha,Rawat,data200,,,S585
dr585@gmail.com,Disha,Rawat,data200,,,S586
dr586@gmail.com,Disha,Rawat,data200,,,S587
dr587@gmail.com,Disha,Rawat,data200,,,S588
dr588@gmail.com,Disha,Rawat,data200,,,S589
dr589@gmail.com,Disha,Rawat,data200,,,S590
dr590@gmail.com,Disha,Rawat,data200,,,S591
dr591@gmail.com,Disha,Rawat,data200,,,S592
dr592@gmail.com,Disha,Rawat,data200,,,S593
dr593@gmail.com,Disha,Rawat,data200,,,S594
dr594@gmail.com,Disha,Rawat,data200,,,S595
dr595@gmail.com,Disha,Rawat,data200,,,S596
dr596@gmail.com,Disha,Rawat,data200,,,S597
dr597@gmail.com,Disha,Rawat,data200,,,S598
dr598@gmail.com,Disha,Rawat,data200,,,S599
dr599@gmail.com,Disha,Rawat,data200,,,S600
dr600@gmail.com,Disha,Rawat,data200,,,S601
dr601@gmail.com,Disha,Rawat,data200,,,S602
dr602@gmail.com,Disha,Rawat,data200,,,S603
dr603@gmail.com,Disha,Rawat,data200,,,S604
dr604@gmail.com,Disha,Rawat,data200,,,S605
dr605@gmail.com,Disha,Rawat,data200,,,S606
dr606@gmail.com,Disha,Rawat,data200,,,S607
dr607@gmail.com,Disha,Rawat,data200,,,S608
dr608@gmail.com,Disha,Rawat,data200,,,S609
dr609@gmail.com,Disha,Rawat,data200,,,S610
dr610@gmail.com,Disha,Rawat,data200,,,S611
dr611@gmail.com,Disha,Rawat,data200,,,S612
dr612@gmail.com,Disha,Rawat,data200,,,S613
dr613@gmail.com,Disha,Rawat,data200,,,S614
dr614@gmail.com,Disha,Rawat,data200,,,S615
dr615@gmail.com,Disha,Rawat,data200,,,S616
dr616@gmail.com,Disha,Rawat,data200,,,S617
dr617@gmail.com,Disha,Rawat,data200,,,S618
dr618@gmail.com,Disha,Rawat,data200,,,S619
dr619@gmail.com,Disha,Rawat,data200,,,S620
dr620@gmail.com,Disha,Rawat,data200,,,S621
dr621@gmail.com,Disha,Rawat,data200,,,S622
dr622@gmail.com,Disha,Rawat,data200,,,S623
dr623@gmail.com,Disha,Rawat,data200,,,S624
dr624@gmail.com,Disha,Rawat,data200,,,S625
dr625@gmail.com,Disha,Rawat,data200,,,S626
dr626@gmail.com,Disha,Rawat,data200,,,S627
dr627@gmail.com,Disha,Rawat,data200,,,S628
dr628@gmail.com,Disha,Rawat,data200,,,S629
dr629@gmail.com,Disha,Rawat,data200,,,S630
dr630@gmail.com,Disha,Rawat,data200,,,S631
dr631@gmail.com,Disha,Rawat,data200,,,S632
dr632@gmail.com,Disha,Rawat,data200,,,S633
dr633@gmail.com,Disha,Rawat,data200,,,S634
dr634@gmail.com,Disha,Rawat,data200,,,S635
dr635@gmail.com,Disha,Rawat,data200,,,S636
dr636@gmail.com,Disha,Rawat,data200,,,S637
dr637@gmail.com,Disha,Rawat,data200,,,S638
dr638@gmail.com,Disha,Rawat,data200,,,S639
dr639@gmail.com,Disha,Rawat,data200,,,S640
dr640@gmail.com,Disha,Rawat,data200,,,S641
dr641@gmail.com,Disha,Rawat,data200,,,S642
dr642@gmail.com,Disha,Rawat,data200,,,S643
dr643@gmail.com,Disha,Rawat,data200,,,S644
dr644@gmail.com,Disha,Rawat,data200,,,S645
dr645@gmail.com,Disha,Rawat,data200,,,S646
dr646@gmail.com,Disha,Rawat,data200,,,S647
dr647@gmail.com,Disha,Rawat,data200,,,S648
dr648@gmail.com,Disha,Rawat,data200,,,S649
dr649@gmail.com,Disha,Rawat,data200,,,S650
dr650@gmail.com,Disha,Rawat,data200,,,S651
dr651@gmail.com,Disha,Rawat,data200,,,S652
dr652@gmail.com,Disha,Rawat,data200,,,S653
dr653@gmail.com,Disha,Rawat,data200,,,S654
dr654@gmail.com,Disha,Rawat,data200,,,S655
dr655@gmail.com,Disha,Rawat,data200,,,S656
dr656@gmail.com,Disha,Rawat,data200,,,S657
dr657@gmail.com,Disha,Rawat,data200,,,S658
dr658@gmail.com,Disha,Rawat,data200,,,S659
dr659@gmail.com,Disha,Rawat,data200,,,S660
dr660@gmail.com,Disha,Rawat,data200,,,S661
dr661@gmail.com,Disha,Rawat,data200,,,S662
dr662@gmail.com,Disha,Rawat,data200,,,S663
dr663@gmail.com,Disha,Rawat,data200,,,S664
dr664@gmail.com,Disha,Rawat,data200,,,S665
dr665@gmail.com,Disha,Rawat,data200,,,S666
dr666@gmail.com,Disha,Rawat,data200,,,S667
dr667@gmail.com,Disha,Rawat,data200,,,S668
dr668@gmail.com,Disha,Rawat,data200,,,S669
dr669@gmail.com,Disha,Rawat,data200,,,S670
dr670@gmail.com,Disha,Rawat,data200,,,S671
dr671@gmail.com,Disha,Rawat,data200,,,S672
dr672@gmail.com,Disha,Rawat,data200,,,S673
dr673@gmail.com,Disha,Rawat,data200,,,S674
dr674@gmail.com,Disha,Rawat,data200,,,S675
dr675@gmail.com,Disha,Rawat,data200,,,S676
dr676@gmail.com,Disha,Rawat,data200,,,S677
dr677@gmail.com,Disha,Rawat,data200,,,S678
dr678@gmail.com,Disha,Rawat,data200,,,S679
dr679@gmail.com,Disha,Rawat,data200,,,S680
dr680@gmail.com,Disha,Rawat,data200,,,S681
dr681@gmail.com,Disha,Rawat,data200,,,S682
dr682@gmail.com,Disha,Rawat,data200,,,S683
dr683@gmail.com,Disha,Rawat,data200,,,S684
dr684@gmail.com,Disha,Rawat,data200,,,S685
dr685@gmail.com,Disha,Rawat,data200,,,S686
dr686@gmail.com,Disha,Rawat,data200,,,S687
dr687@gmail.com,Disha,Rawat,data200,,,S688
dr688@gmail.com,Disha,Rawat,data200,,,S689
dr689@gmail.com,Disha,Rawat,data200,,,S690
dr690@gmail.com,Disha,Rawat,data200,,,S691
dr691@gmail.com,Disha,Rawat,data200,,,S692
dr692@gmail.com,Disha,Rawat,data200,,,S693
dr693@gmail.com,Disha,Rawat,data200,,,S694
dr694@gmail.com,Disha,Rawat,data200,,,S695
dr695@gmail.com,Disha,Rawat,data200,,,S696
dr696@gmail.com,Disha,Rawat,data200,,,S697
dr697@gmail.com,Disha,Rawat,data200,,,S698
dr698@gmail.com,Disha,Rawat,data200,,,S699
dr699@gmail.com,Disha,Rawat,data200,,,S700
dr700@gmail.com,Disha,Rawat,data200,,,S701
dr701@gmail.com,Disha,Rawat,data200,,,S702
dr702@gmail.com,Disha,Rawat,data200,,,S703
dr703@gmail.com,Disha,Rawat,data200,,,S704
dr704@gmail.com,Disha,Rawat,data200,,,S705
dr705@gmail.com,Disha,Rawat,data200,,,S706
dr706@gmail.com,Disha,Rawat,data200,,,S707
dr707@gmail.com,Disha,Rawat,data200,,,S708
dr708@gmail.com,Disha,Rawat,data200,,,S709
dr709@gmail.com,Disha,Rawat,data200,,,S710
dr710@gmail.com,Disha,Rawat,data200,,,S711
dr711@gmail.com,Disha,Rawat,data200,,,S712
dr712@gmail.com,Disha,Rawat,data200,,,S713
dr713@gmail.com,Disha,Rawat,data200,,,S714
dr714@gmail.com,Disha,Rawat,data200,,,S715
dr715@gmail.com,Disha,Rawat,data200,,,S716
dr716@gmail.com,Disha,Rawat,data200,,,S717
dr717@gmail.com,Disha,Rawat,data200,,,S718
dr718@gmail.com,Disha,Rawat,data200,,,S719
dr719@gmail.com,Disha,Rawat,data200,,,S720
dr720@gmail.com,Disha,Rawat,data200,,,S721
dr721@gmail.com,Disha,Rawat,data200,,,S722
dr722@gmail.com,Disha,Rawat,data200,,,S723
dr723@gmail.com,Disha,Rawat,data200,,,S724
dr724@gmail.com,Disha,Rawat,data200,,,S725
dr725@gmail.com,Disha,Rawat,data200,,,S726
dr726@gmail.com,Disha,Rawat,data200,,,S727
dr727@gmail.com,Disha,Rawat,data200,,,S728
dr728@gmail.com,Disha,Rawat,data200,,,S729
dr729@gmail.com,Disha,Rawat,data200,,,S730
dr730@gmail.com,Disha,Rawat,data200,,,S731
dr731@gmail.com,Disha,Rawat,data200,,,S732
dr732@gmail.com,Disha,Rawat,data200,,,S733
dr733@gmail.com,Disha,Rawat,data200,,,S734
dr734@gmail.com,Disha,Rawat,data200,,,S735
dr735@gmail.com,Disha,Rawat,data200,,,S736
dr736@gmail.com,Disha,Rawat,data200,,,S737
dr737@gmail.com,Disha,Rawat,data200,,,S738
dr738@gmail.com,Disha,Rawat,data200,,,S739
dr739@gmail.com,Disha,Rawat,data200,,,S740
dr740@gmail.com,Disha,Rawat,data200,,,S741
dr741@gmail.com,Disha,Rawat,data200,,,S742
dr742@gmail.com,Disha,Rawat,data200,,,S743
dr743@gmail.com,Disha,Rawat,data200,,,S744
dr744@gmail.com,Disha,Rawat,data200,,,S745
dr745@gmail.com,Disha,Rawat,data200,,,S746
dr746@gmail.com,Disha,Rawat,data200,,,S747
dr747@gmail.com,Disha,Rawat,data200,,,S748
dr748@gmail.com,Disha,Rawat,data200,,,S749
dr749@gmail.com,Disha,Rawat,data200,,,S750
dr750@gmail.com,Disha,Rawat,data200,,,S751
dr751@gmail.com,Disha,Rawat,data200,,,S752
dr752@gmail.com,Disha,Rawat,data200,,,S753
dr753@gmail.com,Disha,Rawat,data200,,,S754
dr754@gmail.com,Disha,Rawat,data200,,,S755
dr755@gmail.com,Disha,Rawat,data200,,,S756
dr756@gmail.com,Disha,Rawat,data200,,,S757
dr757@gmail.com,Disha,Rawat,data200,,,S758
dr758@gmail.com,Disha,Rawat,data200,,,S759
dr759@gmail.com,Disha,Rawat,data200,,,S760
dr760@gmail.com,Disha,Rawat,data200,,,S761
dr761@gmail.com,Disha,Rawat,data200,,,S762
dr762@gmail.com,Disha,Rawat,data200,,,S763
dr763@gmail.com,Disha,Rawat,data200,,,S764
dr764@gmail.com,Disha,Rawat,data200,,,S765
dr765@gmail.com,Disha,Rawat,data200,,,S766
dr766@gmail.com,Disha,Rawat,data200,,,S767
dr767@gmail.com,Disha,Rawat,data200,,,S768
dr768@gmail.com,Disha,Rawat,data200,,,S769
dr769@gmail.com,Disha,Rawat,data200,,,S770
dr770@gmail.com,Disha,Rawat,data200,,,S771
dr771@gmail.com,Disha,Rawat,data200,,,S772
dr772@gmail.com,Disha,Rawat,data200,,,S773
dr773@gmail.com,Disha,Rawat,data200,,,S774
dr774@gmail.com,Disha,Rawat,data200,,,S775
dr775@gmail.com,Disha,Rawat,data200,,,S776
dr776@gmail.com,Disha,Rawat,data200,,,S777
dr777@gmail.com,Disha,Rawat,data200,,,S778
dr778@gmail.com,Disha,Rawat,data200,,,S779
dr779@gmail.com,Disha,Rawat,data200,,,S780
dr780@gmail.com,Disha,Rawat,data200,,,S781
dr781@gmail.com,Disha,Rawat,data200,,,S782
dr782@gmail.com,Disha,Rawat,data200,,,S783
dr783@gmail.com,Disha,Rawat,data200,,,S784
dr784@gmail.com,Disha,Rawat,data200,,,S785
dr785@gmail.com,Disha,Rawat,data200,,,S786
dr786@gmail.com,Disha,Rawat,data200,,,S787
dr787@gmail.com,Disha,Rawat,data200,,,S788
dr788@gmail.com,Disha,Rawat,data200,,,S789
dr789@gmail.com,Disha,Rawat,data200,,,S790
dr790@gmail.com,Disha,Rawat,data200,,,S791
dr791@gmail.com,Disha,Rawat,data200,,,S792
dr792@gmail.com,Disha,Rawat,data200,,,S793
dr793@gmail.com,Disha,Rawat,data200,,,S794
dr794@gmail.com,Disha,Rawat,data200,,,S795
dr795@gmail.com,Disha,Rawat,data200,,,S796
dr796@gmail.com,Disha,Rawat,data200,,,S797
dr797@gmail.com,Disha,Rawat,data200,,,S798
dr798@gmail.com,Disha,Rawat,data200,,,S799
dr799@gmail.com,Disha,Rawat,data200,,,S800
dr800@gmail.com,Disha,Rawat,data200,,,S801
dr801@gmail.com,Disha,Rawat,data200,,,S802
dr802@gmail.com,Disha,Rawat,data200,,,S803
dr803@gmail.com,Disha,Rawat,data200,,,S804
dr804@gmail.com,Disha,Rawat,data200,,,S805
dr805@gmail.com,Disha,Rawat,data200,,,S806
dr806@gmail.com,Disha,Rawat,data200,,,S807
dr807@gmail.com,Disha,Rawat,data200,,,S808
dr808@gmail.com,Disha,Rawat,data200,,,S809
dr809@gmail.com,Disha,Rawat,data200,,,S810
dr810@gmail.com,Disha,Rawat,data200,,,S811
dr811@gmail.com,Disha,Rawat,data200,,,S812
dr812@gmail.com,Disha,Rawat,data200,,,S813
dr813@gmail.com,Disha,Rawat,data200,,,S814
dr814@gmail.com,Disha,Rawat,data200,,,S815
dr815@gmail.com,Disha,Rawat,data200,,,S816
dr816@gmail.com,Disha,Rawat,data200,,,S817
dr817@gmail.com,Disha,Rawat,data200,,,S818
dr818@gmail.com,Disha,Rawat,data200,,,S819
dr819@gmail.com,Disha,Rawat,data200,,,S820
dr820@gmail.com,Disha,Rawat,data200,,,S821
dr821@gmail.com,Disha,Rawat,data200,,,S822
dr822@gmail.com,Disha,Rawat,data200,,,S823
dr823@gmail.com,Disha,Rawat,data200,,,S824
dr824@gmail.com,Disha,Rawat,data200,,,S825
dr825@gmail.com,Disha,Rawat,data200,,,S826
dr826@gmail.com,Disha,Rawat,data200,,,S827
dr827@gmail.com,Disha,Rawat,data200,,,S828
dr828@gmail.com,Disha,Rawat,data200,,,S829
dr829@gmail.com,Disha,Rawat,data200,,,S830
dr830@gmail.com,Disha,Rawat,data200,,,S831
dr831@gmail.com,Disha,Rawat,data200,,,S832
dr832@gmail.com,Disha,Rawat,data200,,,S833
dr833@gmail.com,Disha,Rawat,data200,,,S834
dr834@gmail.com,Disha,Rawat,data200,,,S835
dr835@gmail.com,Disha,Rawat,data200,,,S836
dr836@gmail.com,Disha,Rawat,data200,,,S837
dr837@gmail.com,Disha,Rawat,data200,,,S838
dr838@gmail.com,Disha,Rawat,data200,,,S839
dr839@gmail.com,Disha,Rawat,data200,,,S840
dr840@gmail.com,Disha,Rawat,data200,,,S841
dr841@gmail.com,Disha,Rawat,data200,,,S842
dr842@gmail.com,Disha,Rawat,data200,,,S843
dr843@gmail.com,Disha,Rawat,data200,,,S844
dr844@gmail.com,Disha,Rawat,data200,,,S845
dr845@gmail.com,Disha,Rawat,data200,,,S846
dr846@gmail.com,Disha,Rawat,data200,,,S847
dr847@gmail.com,Disha,Rawat,data200,,,S848
dr848@gmail.com,Disha,Rawat,data200,,,S849
dr849@gmail.com,Disha,Rawat,data200,,,S850
dr850@gmail.com,Disha,Rawat,data200,,,S851
dr851@gmail.com,Disha,Rawat,data200,,,S852
dr852@gmail.com,Disha,Rawat,data200,,,S853
dr853@gmail.com,Disha,Rawat,data200,,,S854
dr854@gmail.com,Disha,Rawat,data200,,,S855
dr855@gmail.com,Disha,Rawat,data200,,,S856
dr856@gmail.com,Disha,Rawat,data200,,,S857
dr857@gmail.com,Disha,Rawat,data200,,,S858
dr858@gmail.com,Disha,Rawat,data200,,,S859
dr859@gmail.com,Disha,Rawat,data200,,,S860
dr860@gmail.com,Disha,Rawat,data200,,,S861
dr861@gmail.com,Disha,Rawat,data200,,,S862
dr862@gmail.com,Disha,Rawat,data200,,,S863
dr863@gmail.com,Disha,Rawat,data200,,,S864
dr864@gmail.com,Disha,Rawat,data200,,,S865
dr865@gmail.com,Disha,Rawat,data200,,,S866
dr866@gmail.com,Disha,Rawat,data200,,,S867
dr867@gmail.com,Disha,Rawat,data200,,,S868
dr868@gmail.com,Disha,Rawat,data200,,,S869
dr869@gmail.com,Disha,Rawat,data200,,,S870
dr870@gmail.com,Disha,Rawat,data200,,,S871
dr871@gmail.com,Disha,Rawat,data200,,,S872
dr872@gmail.com,Disha,Rawat,data200,,,S873
dr873@gmail.com,Disha,Rawat,data200,,,S874
dr874@gmail.com,Disha,Rawat,data200,,,S875
dr875@gmail.com,Disha,Rawat,data200,,,S876
dr876@gmail.com,Disha,Rawat,data200,,,S877
dr877@gmail.com,Disha,Rawat,data200,,,S878
dr878@gmail.com,Disha,Rawat,data200,,,S879
dr879@gmail.com,Disha,Rawat,data200,,,S880
dr880@gmail.com,Disha,Rawat,data200,,,S881
dr881@gmail.com,Disha,Rawat,data200,,,S882
dr882@gmail.com,Disha,Rawat,data200,,,S883
dr883@gmail.com,Disha,Rawat,data200,,,S884
dr884@gmail.com,Disha,Rawat,data200,,,S885
dr885@gmail.com,Disha,Rawat,data200,,,S886
dr886@gmail.com,Disha,Rawat,data200,,,S887
dr887@gmail.com,Disha,Rawat,data200,,,S888
dr888@gmail.com,Disha,Rawat,data200,,,S889
dr889@gmail.com,Disha,Rawat,data200,,,S890
dr890@gmail.com,Disha,Rawat,data200,,,S891
dr891@gmail.com,Disha,Rawat,data200,,,S892
dr892@gmail.com,Disha,Rawat,data200,,,S893
dr893@gmail.com,Disha,Rawat,data200,,,S894
dr894@gmail.com,Disha,Rawat,data200,,,S895
dr895@gmail.com,Disha,Rawat,data200,,,S896
dr896@gmail.com,Disha,Rawat,data200,,,S897
dr897@gmail.com,Disha,Rawat,data200,,,S898
dr898@gmail.com,Disha,Rawat,data200,,,S899
dr899@gmail.com,Disha,Rawat,data200,,,S900
dr900@gmail.com,Disha,Rawat,data200,,,S901
dr901@gmail.com,Disha,Rawat,data200,,,S902
dr902@gmail.com,Disha,Rawat,data200,,,S903
dr903@gmail.com,Disha,Rawat,data200,,,S904
dr904@gmail.com,Disha,Rawat,data200,,,S905
dr905@gmail.com,Disha,Rawat,data200,,,S906
dr906@gmail.com,Disha,Rawat,data200,A,94,S907
dr907@gmail.com,Disha,Rawat,data200,,,S908
dr908@gmail.com,Disha,Rawat,data200,,,S909
dr909@gmail.com,Disha,Rawat,data200,,,S910
dr910@gmail.com,Disha,Rawat,data200,,,S911
dr911@gmail.com,Disha,Rawat,data200,,,S912
dr912@gmail.com,Disha,Rawat,data200,,,S913
dr913@gmail.com,Disha,Rawat,data200,,,S914
dr914@gmail.com,Disha,Rawat,data200,,,S915
dr915@gmail.com,Disha,Rawat,data200,,,S916
dr916@gmail.com,Disha,Rawat,data200,,,S917
dr917@gmail.com,Disha,Rawat,data200,,,S918
dr918@gmail.com,Disha,Rawat,data200,,,S919
dr919@gmail.com,Disha,Rawat,data200,,,S920
dr920@gmail.com,Disha,Rawat,data200,A,94,S921
dr921@gmail.com,Disha,Rawat,data200,,,S922
dr922@gmail.com,Disha,Rawat,data200,,,S923
dr923@gmail.com,Disha,Rawat,data200,,,S924
dr924@gmail.com,Disha,Rawat,data200,,,S925
dr925@gmail.com,Disha,Rawat,data200,,,S926
dr926@gmail.com,Disha,Rawat,data200,,,S927
dr927@gmail.com,Disha,Rawat,data200,,,S928
dr928@gmail.com,Disha,Rawat,data200,,,S929
dr929@gmail.com,Disha,Rawat,data200,,,S930
dr930@gmail.com,Disha,Rawat,data200,,,S931
dr931@gmail.com,Disha,Rawat,data200,,,S932
dr932@gmail.com,Disha,Rawat,data200,,,S933
dr933@gmail.com,Disha,Rawat,data200,,,S934
dr934@gmail.com,Disha,Rawat,data200,,,S935
dr935@gmail.com,Disha,Rawat,data200,,,S936
dr936@gmail.com,Disha,Rawat,data200,,,S937
dr937@gmail.com,Disha,Rawat,data200,,,S938
dr938@gmail.com,Disha,Rawat,data200,,,S939
dr939@gmail.com,Disha,Rawat,data200,A,94,S940
dr940@gmail.com,Disha,Rawat,data200,,,S941
dr941@gmail.com,Disha,Rawat,data200,,,S942
dr942@gmail.com,Disha,Rawat,data200,,,S943
dr943@gmail.com,Disha,Rawat,data200,,,S944
dr944@gmail.com,Disha,Rawat,data200,,,S945
dr945@gmail.com,Disha,Rawat,data200,,,S946
dr946@gmail.com,Disha,Rawat,data200,,,S947
dr947@gmail.com,Disha,Rawat,data200,,,S948
dr948@gmail.com,Disha,Rawat,data200,,,S949
dr949@gmail.com,Disha,Rawat,data200,,,S950
dr950@gmail.com,Disha,Rawat,data200,,,S951
dr951@gmail.com,Disha,Rawat,data200,,,S952
dr952@gmail.com,Disha,Rawat,data200,,,S953
dr953@gmail.com,Disha,Rawat,data200,,,S954
dr954@gmail.com,Disha,Rawat,data200,,,S955
dr955@gmail.com,Disha,Rawat,data200,,,S956
dr956@gmail.com,Disha,Rawat,data200,,,S957
dr957@gmail.com,Disha,Rawat,data200,,,S958
dr958@gmail.com,Disha,Rawat,data200,,,S959
dr959@gmail.com,Disha,Rawat,data200,,,S960
dr960@gmail.com,Disha,Rawat,data200,A,90,S961
dr961@gmail.com,Disha,Rawat,data200,,,S962
dr962@gmail.com,Disha,Rawat,data200,,,S963
dr963@gmail.com,Disha,Rawat,data200,,,S964
dr964@gmail.com,Disha,Rawat,data200,A,90,S965
dr965@gmail.com,Disha,Rawat,data200,,,S966
dr966@gmail.com,Disha,Rawat,data200,,,S967
dr967@gmail.com,Disha,Rawat,data200,,,S968
dr968@gmail.com,Disha,Rawat,data200,A,90,S969
dr969@gmail.com,Disha,Rawat,data200,,,S970
dr970@gmail.com,Disha,Rawat,data200,,,S971
dr971@gmail.com,Disha,Rawat,data200,,,S972
dr972@gmail.com,Disha,Rawat,data200,,,S973
dr973@gmail.com,Disha,Rawat,data200,,,S974
dr974@gmail.com,Disha,Rawat,data200,,,S975
dr975@gmail.com,Disha,Rawat,data200,,,S976
dr976@gmail.com,Disha,Rawat,data200,,,S977
dr977@gmail.com,Disha,Rawat,data200,,,S978
dr978@gmail.com,Disha,Rawat,data200,,,S979
dr979@gmail.com,Disha,Rawat,data200,,,S980
dr980@gmail.com,Disha,Rawat,data200,,,S981
dr981@gmail.com,Disha,Rawat,data200,,,S982
dr982@gmail.com,Disha,Rawat,data200,,,S983
dr983@gmail.com,Disha,Rawat,data200,,,S984
dr984@gmail.com,Disha,Rawat,data200,A,90,S985
dr985@gmail.com,Disha,Rawat,data200,,,S986
dr986@gmail.com,Disha,Rawat,data200,,,S987
dr987@gmail.com,Disha,Rawat,data200,,,S988
dr988@gmail.com,Disha,Rawat,data200,,,S989
dr989@gmail.com,Disha,Rawat,data200,,,S990
dr990@gmail.com,Disha,Rawat,data200,A,90,S991
dr991@gmail.com,Disha,Rawat,data200,,,S992
dr992@gmail.com,Disha,Rawat,data200,,,S993
dr993@gmail.com,Disha,Rawat,data200,,,S994
dr994@gmail.com,Disha,Rawat,data200,A,100,S995
dr995@gmail.com,Disha,Rawat,data200,,,S996
dr996@gmail.com,Disha,Rawat,data200,,,S997
dr997@gmail.com,Disha,Rawat,data200,,,S998
dr998@gmail.com,Disha,Rawat,data200,A,100,S999
dr999@gmail.com,Disha,Rawat,data200,A,100,S1000

